"","DCI","el","Notoriety.2013"
"1","5-fu","Unknown",0
"2","99m-tc tetrofosmin","6 h  ",0
"3","abacavir","1.5 H",0
"4","abatacept","8 a 25 j",0
"5","abciximab","Unknown",0
"6","acamprosate","20 a 33 h",0
"7","acarbose","6 a 8 h",0
"8","acebutolol","4 h",0
"9","aceclofenac","4 a 4.3 h",1
"10","acedobène","3.5 h",0
"11","acemetacin","Unknown",0
"12","acenocoumarol","Unknown",0
"13","acepromazine","Unknown",0
"14","aceprometazine","Unknown",0
"15","acetazolamide","Unknown",0
"16","acethylcholine chorure","Unknown",0
"17","acetorphan","Unknown",0
"18","acetylcysteine","Unknown",1
"19","acetyldigoxin","Unknown",0
"20","acetylleucine","1.08 h",0
"21","acetylsalicylic acid (aspirin)","Unknown",-1
"22","aciclovir","3 h",1
"23","acide acetylsalicylique","30 (IV) min",0
"24","acide acexamique","Unknown",0
"25","acide alendronique","10 ans ",0
"26","acide alginique","Unknown",0
"27","acide amidotrizoique","Unknown",0
"28","acide ascorbique","DAYS ",0
"29","acide aspartique","Unknown",0
"30","acide azelaique","Unknown",0
"31","acide borique","Unknown",0
"32","acide canrenoique","Unknown",0
"33","acide chondroitine sulfurique","Unknown",0
"34","acide clavulanique","1 h",0
"35","acide clodronique","1. 5 a 6 puis 10 a 16 h",0
"36","acide cromoglicique","Unknown",0
"37","acide desoxyribonucleique","Unknown",0
"38","acide dimecrotique","Unknown",0
"39","acide édétique","Unknown",0
"40","acide etidronique","Unknown",0
"41","acide flavonique","30aine h",0
"42","acide folinique","Unknown",0
"43","acide folique","Unknown",0
"44","acide fusidique","Unknown",0
"45","acide gadobenique","1.17 a 1.68 h",0
"46","acide gadopentérique","Unknown",0
"47","acide gadoterique","Unknown",0
"48","acide glutamique","Unknown",0
"49","acide gras omega 3","Unknown",0
"50","acide ibandronique","10 a 72  h",0
"51","acide ioxaglique","Unknown",0
"52","acide ioxitalamique","Unknown",0
"53","acide mefenamique","Unknown",0
"54","acide n-acetylaspartylglutamique","Unknown",0
"55","acide nicotinique","Unknown",0
"56","acide niflumique","4 a 6 h",0
"57","acide oxoglurique","Unknown",0
"58","acide pamidronique","2 puis 27 h",0
"59","acide panthothénique","Unknown",0
"60","acide para-aminobenzoique","Unknown",0
"61","acide para-aminosalicylique","Unknown",0
"62","acide pipémidique","3 a 4 h",0
"63","acide risedronique","480 h",0
"64","acide salicylique","Unknown",0
"65","acide tenoique","Unknown",0
"66","acide tiaprofenique","1.5 a 2.5 h",0
"67","acide tiludronique","> 100 h",0
"68","acide traxenamique","1 h",0
"69","acide undecyclenique","Unknown",0
"70","acide ursodésoxycholique","Unknown",0
"71","acide valproique","5 a 20 h",0
"72","acide zoledronique","0.24 puis 1.87 puis 146 h",0
"73","acitretine","50 h",0
"74","aconitium","Unknown",0
"75","acriflavine","Unknown",0
"76","actinoquinol","o ",0
"77","adalimumab","14 j",0
"78","adapalène","Unknown",0
"79","adéfovir","4.72 a 10.7 h",0
"80","adenine","Unknown",0
"81","adenosine","Unknown",0
"82","adrafinil","0.95-1.21 h",0
"83","adrénaline","cf ",0
"84","aescine","Unknown",0
"85","ag minerals","Unknown",0
"86","al hydroxide","Unknown",0
"87","albendazole","Unknown",0
"88","albumin","Unknown",0
"89","albumine","19 j",0
"90","alcool benzylique","Unknown",0
"91","aldesleukine","5.3 h",0
"92","alemtuzumab","2 a 32 h",0
"93","alendronate","Years  ",0
"94","alfacalcidiol","24 h",0
"95","alfacalcidol","Unknown",0
"96","alfentanil","60 a 150 min",0
"97","alfuzosin","Unknown",0
"98","alfuzosine","4.8 h",0
"99","alginic acid","Unknown",0
"100","alimemazin","Unknown",0
"101","alimémazine","lgue t1/2 ",0
"102","alitretinoine","Unknown",0
"103","alizapride","3 h",0
"104","allantoine","Unknown",0
"105","allium cepa","Unknown",0
"106","allopurinol","1. but oxypurinol 18 to 30 h h",3
"107","almasilate","Unknown",0
"108","alminoprofene","Unknown",0
"109","almitrine","40 a 80 h",0
"110","almotriptan","3.5 h",0
"111","aloes","Unknown",0
"112","alpha-amylase","Unknown",0
"113","alpha-hydroxyvitamine d3","cf ",0
"114","alpha-pinen","32 H ",0
"115","alpha-tocopherol","Unknown",0
"116","alpha liponsic acid","Unknown",0
"117","alpha pinen","Unknown",0
"118","alpha tocopherol","Unknown",0
"119","alprazolam","10 a 20 h",-1
"120","alprostadil","Unknown",0
"121","altéplase","40 min",0
"122","altizide","Unknown",-1
"123","altretamine (hexamethylmelamine)","13 h",0
"124","aluminium","Unknown",0
"125","alvérine","Unknown",0
"126","amantadin","Unknown",0
"127","amantadine","15 a 28 h",0
"128","ambenonium chlorure","Unknown",0
"129","ambroxol","7 a 12 h",0
"130","ambroxol hydrochloride","Unknown",1
"131","amidotrizoate","Unknown",0
"132","amifostine","7 min",2
"133","amikacin","Unknown",0
"134","amikacine","1.45 h",0
"135","amiloride","6 h",0
"136","aminoacids","Unknown",0
"137","amiodarone","Unknown",0
"138","amisulpride","12 h",0
"139","amitriptyline","22 a 40 h",0
"140","amlodipin","Unknown",-1
"141","amlodipine","35 a 50 h",0
"142","amodiaquine","0.5 a 6 h",0
"143","amorolfine","Unknown",0
"144","amoxapine","8 h",0
"145","amoxicillin","Unknown",2
"146","amoxicilline","1 a 1.5 h",0
"147","amphotericin b","Unknown",0
"148","amphotericine b","7 h",0
"149","ampicillin","Unknown",2
"150","ampicilline","1 h",0
"151","amprenavir","7.1 a 10.6 h",0
"152","amylase","2-10 h ",0
"153","amyleine","Unknown",0
"154","amylmetacrésol","Unknown",0
"155","anagrelide","Unknown",0
"156","anakinra","4 a 6 h",0
"157","anastrozole","40 a 50 h",0
"158","androstanolone","Unknown",0
"159","anethole trithione","Unknown",0
"160","anetholtrithione","Unknown",0
"161","anhydrous na sulfate","Unknown",0
"162","antazolin","Unknown",0
"163","anti amarile vaccine","Unknown",0
"164","antithrombine humaine","Unknown",0
"165","apraclonidine","8 h",0
"166","aprépitant","9 a 13 h",0
"167","aprotinine","Unknown",0
"168","argent","o ",0
"169","arginine","Unknown",0
"170","aripiprazole","75 a 146 h",0
"171","armodafinil","Unknown",1
"172","arnica","Unknown",0
"173","arnica extrait","Unknown",0
"174","arnica teinture","Unknown",0
"175","arsenic","3 a 5 j",0
"176","artéméther","2 h",0
"177","artesunate","1h ",0
"178","articaine","110 min",0
"179","ascorbic acid","Unknown",-1
"180","asparaginase","8 a 30 h",0
"181","aspirine","cf ",0
"182","atazanavir","12 h",0
"183","atenolol","9 h",-1
"184","atorvastatin","Unknown",0
"185","atorvastatine","14 h",0
"186","atosiban","0.2 puis 1.7 h",0
"187","atovaquone","2 a 3 j",0
"188","atracurium besilate","20 min",0
"189","atropin","Unknown",0
"190","atropine","15 h",0
"191","atropium sulfuricum","Unknown",0
"192","au minerals","Unknown",0
"193","aubepine","Unknown",0
"194","auranofine","o ",0
"195","aurothiopropanosulfate","Unknown",0
"196","azathioprin","Unknown",0
"197","azathioprine","Unknown",0
"198","azelastin","Unknown",0
"199","azélastine","20 h",0
"200","azithromycin","Unknown",2
"201","azithromycine","2 a 4 j",0
"202","azt","cf ",0
"203","aztreonam","Unknown",0
"204","bacitracin","Unknown",0
"205","bacitracine","Unknown",0
"206","baclofen","Unknown",0
"207","baclofène","Unknown",0
"208","baldrian","Unknown",0
"209","bambuterol","Unknown",0
"210","bamifylline","20 h",0
"211","barium sulfate","Unknown",0
"212","baryum sulfate","Unknown",0
"213","basiliximab","4 a 10.4 j",0
"214","baume du perou","o ",0
"215","becaplermine","Unknown",0
"216","beclomethasone","3h ",1
"217","belladona extract","Unknown",0
"218","benazepril","Unknown",0
"219","bendamustine","1 h",0
"220","bendroflumethiazide","Unknown",0
"221","benethamine benzylpenicilline","Unknown",0
"222","benfluorex","Unknown",0
"223","benfotiamin","Unknown",0
"224","benperidol","Unknown",0
"225","benserazide","Unknown",0
"226","benzalkonium chloride","Unknown",0
"227","benzalkonium chlorure","Unknown",0
"228","benzathine benzylpenicilline","Unknown",0
"229","benzbromaron","Unknown",0
"230","benzbromarone","3H active metabolite 30 h  ",0
"231","benzoate de benzyle","Unknown",0
"232","benzocain","Unknown",0
"233","benzocaine","Unknown",0
"234","benzododécinium","Unknown",0
"235","benzydamine","Unknown",0
"236","benzyl alcohol","Unknown",0
"237","benzylnicotinate","Unknown",0
"238","benzylpenicilline","Unknown",0
"239","benzylthiouracile","2 h",0
"240","bepridil","42 a 101 h",0
"241","besacodyl","Unknown",0
"242","beta-acetyldigoxine","VERY Long ",0
"243","beta-alanine","Unknown",0
"244","beta-carotène","Unknown",0
"245","beta acetyldigoxin","Unknown",0
"246","betahistidin","Unknown",0
"247","betahistin mesilate","Unknown",0
"248","betahistine","3 h",0
"249","betaine","Unknown",0
"250","betamethasone","Unknown",1
"251","betaxolol","Unknown",0
"252","bethanechol","Unknown",0
"253","bevacizumab","20 j",0
"254","bexarotène","1 a 3 h",0
"255","bezafibrate","Unknown",0
"256","bicalutamid","Unknown",0
"257","bicalutamide","Unknown",0
"258","biclotymol","Unknown",0
"259","bifonazole","Unknown",0
"260","bimatoprost","45 min",0
"261","biotine","Unknown",0
"262","biperiden","Unknown",0
"263","biperidène","18-24 h ",0
"264","bisacodyl","Unknown",0
"265","bismuth","Unknown",0
"266","bisoprolol","10 a 12 h",0
"267","bivalirudine","13 a 37 mn",0
"268","bleomycine","4 h",0
"269","boldine","very short ",0
"270","boldo","Unknown",0
"271","borax","Unknown",0
"272","boric acid","Unknown",0
"273","bortezomib","40 a 193  h",0
"274","bosentan","5.4 h",0
"275","bouleau","Unknown",0
"276","bourdaine","Unknown",0
"277","brimonidine","Unknown",0
"278","brinzolamid","Unknown",0
"279","brinzolamide","Unknown",0
"280","brivudin","Unknown",0
"281","bromazepam","20 h",-1
"282","brome","3.5 a 4 h",0
"283","bromélaines","Unknown",0
"284","bromhexine","13 a 40  h",1
"285","bromocriptine","15 h",0
"286","bromogalactogluconate de ca","Unknown",0
"287","bromure","cf ",0
"288","brotizolam","Unknown",0
"289","budesonide","2-4 h ",1
"290","bufexamac","Unknown",0
"291","buflomedil","2 h",-1
"292","bumetanide","Unknown",1
"293","buprenorphin","Unknown",0
"294","buprenorphine","20 a 25 h",0
"295","bupropion","20 a 27 h",0
"296","buséréline","Unknown",0
"297","buspirone","2 a 11 h",0
"298","busulfan","3 a 4 h",0
"299","butacaine","Unknown",0
"300","butylscopolamin","Unknown",0
"301","butylscopolamine","5 h",0
"302","ca acetate","Unknown",0
"303","ca citrate","Unknown",0
"304","ca gluconate","Unknown",0
"305","cabergoline","79 a 115 h",0
"306","cacl2","Unknown",0
"307","caco3","Unknown",0
"308","cafedrine","Unknown",0
"309","cafeine","5 h",0
"310","caffeine","Unknown",0
"311","calamine","Unknown",0
"312","calciferol","SLOW++++ ",0
"313","calcipotriol","Unknown",0
"314","calcitonine","50 a 80 min",0
"315","calcitriol","05-Oct h",0
"316","calcium","Unknown",0
"317","calcium folinate","Unknown",0
"318","calcium mefolinate","Unknown",0
"319","calendula","Unknown",0
"320","camphre","Unknown",0
"321","candesartan","9 h",0
"322","candesartan cilexetil","Unknown",0
"323","canrénoate de k","cf ac carenoique ",0
"324","capecitabin","Unknown",0
"325","capecitabine","0.85 h",0
"326","captodiame","Unknown",0
"327","captopril","2 h",-1
"328","carbachol","Unknown",0
"329","carbamazepine","16 a 24 h",3
"330","carbasalate calcium","Unknown",0
"331","carbaspirin ca","15 min",0
"332","carbetocine","40 min",0
"333","carbidopa","3 h",0
"334","carbimazole","Unknown",0
"335","carbinoxamin","Unknown",0
"336","carbinoxamine","Unknown",0
"337","carbocisteine","2 h",0
"338","carbocysteine","Unknown",1
"339","carbomer","Unknown",0
"340","carbomere","Unknown",0
"341","carboplatine","24 h",0
"342","carbutamide","45 h",0
"343","carmellose","Unknown",0
"344","carmustine","Unknown",0
"345","carnitine","17 h",0
"346","carpipramine","Unknown",0
"347","carraghénates","Unknown",0
"348","cartéolol","Unknown",0
"349","carvedilol","Unknown",0
"350","carvédilol","6 a 10 h",0
"351","casein","Unknown",0
"352","caspofungin","Unknown",0
"353","caspofungine","12 a 15 j",0
"354","cefaclor","1 h",1
"355","cefadroxil","1.6 a 2 h",2
"356","cefalexin","Unknown",1
"357","cefalexine","45 a 70  min",0
"358","cefamandole","1 a 2 h",0
"359","cefazidime","Unknown",0
"360","cefazolin","Unknown",1
"361","cefazoline","2 h",0
"362","cefepim","Unknown",1
"363","cefepime","2 h",0
"364","cefixim","Unknown",2
"365","cefixime","3 a 4 h",0
"366","cefotaxim","Unknown",1
"367","cefotaxime","1 a 2 h",0
"368","cefotiam","Unknown",1
"369","cefpirome","1.8 a 2.2 h",0
"370","cefpodoxim","Unknown",1
"371","cefpodoxime","2.4 h",0
"372","cefradine","45 a 70  min",0
"373","cefsulodine","2 h",0
"374","ceftazidime","1.8 h",1
"375","ceftibuten","2.5 h",1
"376","ceftriaxone","6 a 8 h",2
"377","cefuroxim","Unknown",2
"378","cefuroxime","1 a 2 h",0
"379","celecoxib","8 a 12 h",1
"380","celiprolol","4 a 6 h",0
"381","cephazolin","Unknown",1
"382","cetalkonium chlorure","Unknown",0
"383","cethexoium bromure","Unknown",0
"384","cetirizine","Unknown",0
"385","cetrimide","Unknown",0
"386","cetrimonium bromure","Unknown",0
"387","cetrorelix","12 a 30 h",0
"388","cetuximab","70 a 114 h",0
"389","cetylpyridinium chloride","Unknown",0
"390","cetylpyridinium chlorure","Unknown",0
"391","chamomilla","Unknown",0
"392","charbon","Unknown",0
"393","chloral hydrate","8-10 h ",0
"394","chloralhydrate","Unknown",0
"395","chlorambucil","Unknown",0
"396","chlordiazepoxide","20 a 24 h",0
"397","chlorhexidin gluconate","Unknown",0
"398","chlorhexidine","Unknown",0
"399","chlormadinon","Unknown",-1
"400","chlormadinone","36 h",0
"401","chlormethiazole","Unknown",0
"402","chlorobutanol","Unknown",0
"403","chlorocrésol","Unknown",0
"404","chloroquine","10 a 30 j",0
"405","chlorphenamin","Unknown",0
"406","chlorphenamine"," 9 a 16 h",0
"407","chlorpheniramin","Unknown",0
"408","chlorpromazine","30 h",0
"409","chlorprothixen","Unknown",0
"410","chlorprothixene","8-12 h ",0
"411","chlorquinaldol","Unknown",0
"412","chlortalidone","25 a 50 h",0
"413","chlortetracycline","Unknown",1
"414","chlortétracycline","Unknown",0
"415","chodroitine sulfate","cf ",0
"416","cholestyramin","Unknown",0
"417","choline","Unknown",0
"418","choline salicylate","Unknown",0
"419","choriogonadotrophine alfa","30 h",0
"420","cibenzoline","7 a 10 h",0
"421","cicletanine","Unknown",0
"422","ciclopirox","Unknown",0
"423","ciclopirox olamine","Unknown",0
"424","ciclosporine","7.2 a 22 h",0
"425","cidofovir","1.7 a 2.7 h",0
"426","cilastatin","Unknown",0
"427","cilastatine","2 h",0
"428","cilazapril","Unknown",0
"429","cimetidin","Unknown",0
"430","cimetidine","2 h",0
"431","cinalcacet","40 h",0
"432","cinchocaine","Unknown",0
"433","cinchonidine","Unknown",0
"434","cinchonine","Unknown",0
"435","cineol","Unknown",0
"436","cinéol","Unknown",0
"437","cinnarizin","Unknown",0
"438","cinnarizine","Unknown",0
"439","ciprofibrate","Unknown",0
"440","ciprofloxacin","Unknown",2
"441","ciprofloxacine","8.35 +- 2.2 h",0
"442","cisapride","10 h",-1
"443","cisatracurium besilate","Unknown",0
"444","cisatracurium bésilate","22 a 29 min",0
"445","cisplatin","Unknown",0
"446","cisplatine","58 a 73 h",0
"447","cisplatinium","2 to 4 DAYS ",0
"448","citalopram","33 h",0
"449","citrate de betaine ","Unknown",0
"450","citric acid","Unknown",0
"451","citrulline","Unknown",0
"452","cladribine","5.4 h",0
"453","clarithromycine","2 a 3 h",2
"454","clavulanic acid","Unknown",0
"455","clavulanic acid ","1H ",0
"456","clemastin","Unknown",0
"457","clemastine","21H ",0
"458","clenbuterol","Unknown",0
"459","clindamycin","Unknown",1
"460","clindamycine","Unknown",0
"461","clindinium bromure","Unknown",0
"462","clioquinol","Unknown",0
"463","clobazam","20 h",-1
"464","clobetasol","Unknown",1
"465","clobétasol","Unknown",0
"466","clobutinol","23-32 h ",0
"467","clodronic acid","Up to 5 days ",0
"468","clofazimine","o ",0
"469","clomethiazol","Unknown",0
"470","clomethiazole","3-7 h ",0
"471","clomifène","Unknown",0
"472","clomipramine","21 h",0
"473","clonazepam","20 a 60 h",0
"474","clonidin","Unknown",0
"475","clonidine","6 a 20 h",0
"476","clopamide","8 a 12 h",0
"477","clopidogrel","Unknown",0
"478","clorazepate","Unknown",-1
"479","clotiazepam","5 h",0
"480","clotrimazole","2 h",0
"481","cloxacillin","Unknown",1
"482","cloxacilline","0.5-1 h ",0
"483","clozapine","6 a 26 h",0
"484","cobalt","Unknown",0
"485","cocarboxylase"," Long  ",0
"486","codeine","2 h",0
"487","codéthyline","cf ",0
"488","colchicin","Unknown",0
"489","colchicine","16 h",0
"490","colecalciferol","Unknown",0
"491","colécalciferol","Unknown",0
"492","colestyramine","Unknown",0
"493","colfosceril palmitate","Unknown",0
"494","colistiméthate sodique","2 a 3 h",0
"495","colistin","Unknown",0
"496","colistine","Unknown",0
"497","collagene","Unknown",0
"498","cort quebrancho","Unknown",0
"499","corticoreline","Unknown",0
"500","cortisone","Unknown",1
"501","cortivazol","Unknown",1
"502","coumarine","Unknown",0
"503","crataegus","cf ",0
"504","crcl3","Unknown",-1
"505","cromoglicic acid","1-3 h ",0
"506","cromoglicinic acid","Unknown",0
"507","crotamiton","Unknown",0
"508","cu minerals","Unknown",0
"509","cucl2","Unknown",0
"510","cuivre","Unknown",0
"511","cum calycibus","Unknown",0
"512","cyamemazine","Unknown",0
"513","cyanocobalamin","Unknown",0
"514","cyanocobalamine","6 jours ",0
"515","cyclopentolate","Unknown",0
"516","cyclophosphamide","6 a 10 h",0
"517","cyproheptadine","10 a 15 h",0
"518","cyproteron","Unknown",0
"519","cyproterone","48 h",0
"520","cysteine","Unknown",0
"521","cystine ","Unknown",0
"522","cytarabine","Unknown",0
"523","cytosine arabinoside (cytarabine)","Unknown",0
"524","dacarbazine","40 min",0
"525","dacisteine (diacetylcysteine)","Unknown",0
"526","daclizumab","270 a 919 h",0
"527","dalteparin sodium","Unknown",0
"528","dalteparine na","3 a 4 h",0
"529","danaparoide na","25 h",0
"530","danazol","Unknown",0
"531","dantrolène","20 a 25 h ",0
"532","dapabutan","Unknown",0
"533","dapsone","10 a 50 h",0
"534","daptomycine","Unknown",0
"535","darbepoetin alfa","Unknown",0
"536","darbepoietine alfa","21 h",0
"537","darunavir","15 h",0
"538","dasatinib","Unknown",0
"539","daunorubicin","Unknown",0
"540","daunorubicine","14 h",0
"541","deanol","Unknown",0
"542","deferasirox","8 a 16 h",0
"543","deferiprone","2 a 3 h",0
"544","deferoxamine","6 h",0
"545","deflazacort","Unknown",1
"546","delta-9-tetrahydrocannabinol","Unknown",0
"547","demeclocycline","Unknown",0
"548","depallethrine","Unknown",0
"549","dequalinium chloride","Unknown",0
"550","desloratadin","Unknown",0
"551","desloratadine","27 h",0
"552","desmopressin","Unknown",0
"553","desmopressine","2 a 3.21 h",0
"554","desogestrel","30 h",0
"555","desonide","Unknown",0
"556","desoxycortone","Unknown",0
"557","desoxyribonuclease","Unknown",0
"558","dexamethasone","3 a 5 h",1
"559","dexchlorpheniramine","14 a 25  h",0
"560","dexpanthenol","not reported. may be long as other vitamins  ",0
"561","dexrasoxane","Unknown",0
"562","dextran","Unknown",0
"563","dextromethorpan","Unknown",0
"564","dextromethorphane","4 h ",0
"565","dextropropoxyfène","13 h",0
"566","dextropropoxyphene","Unknown",-1
"567","diacereine","4.5 h",0
"568","diazepam","30 a 47 h",0
"569","diazoxide","24 a 36 h",0
"570","dichlorbenzylalcohol","Unknown",0
"571","diclofenac","1 a 2 h",2
"572","didanosine","1.4 h",0
"573","dienogest","8 to 12 hours ",0
"574","diethylcarbamazine","Unknown",0
"575","diethylstilbestrol","Unknown",0
"576","diflucortolone","Unknown",0
"577","difluprednate","Unknown",0
"578","digitoxin","Unknown",0
"579","digitoxine","Unknown",0
"580","digoxin","Unknown",-1
"581","digoxine","Unknown",0
"582","dihydralazine","2-4 h ",0
"583","dihydrocodein","Unknown",0
"584","dihydrocodeine","4h ",0
"585","dihydroergocristine","16 h",0
"586","dihydroergocryptine","Unknown",0
"587","dihydroergotamine","Unknown",0
"588","dihydroergotoxin","Unknown",0
"589","dihydroergotoxine","13 a 15 h",0
"590","dihydroquinidine","cf ",0
"591","dilitiazem","Unknown",0
"592","diltiazem","Unknown",0
"593","dimenhydrinate","Unknown",0
"594","dimepranol","Unknown",0
"595","dimercaprol","Unknown",0
"596","dimethicon","Unknown",0
"597","dimethinden","Unknown",0
"598","dimeticone","Unknown",0
"599","dimetindene","UNKNOWN. likely 4-6 H ",0
"600","dinoprostone","3 a 5 min",0
"601","dioctahedral smectite","Unknown",0
"602","diosmectite","Non absorbé. non métabolisé ",0
"603","diosmin","Unknown",-1
"604","diosmine","Unknown",0
"605","diphenhydramin","Unknown",0
"606","diphenydramine","Unknown",0
"607","dipivefrine","Unknown",0
"608","diprophylline","Unknown",0
"609","dipyridamol","Unknown",-1
"610","dipyridamole","12 h",0
"611","dipyrone (metamizole)","1.8 a 4.6 h",0
"612","dirithromycine","16 a 65 h",0
"613","disopyramide","4.4 a 15 h",0
"614","disulfirame","Unknown",0
"615","dithranol","Unknown",0
"616","dobesilate de ca","o ",0
"617","dobutamine","moins 3 min",0
"618","docetaxel","Unknown",0
"619","dodeclonium bromure","Unknown",0
"620","dolasetron","Unknown",0
"621","domiphene bromure","Unknown",0
"622","domperidone","Unknown",0
"623","donepezil","70 h",0
"624","dopamine","non absorbée ",0
"625","dopexamine","Unknown",0
"626","dornase alfa","Unknown",0
"627","dorzolamide","4 mois",0
"628","dosulepine","Unknown",0
"629","doxapram","Unknown",0
"630","doxazosin","Unknown",0
"631","doxazosine","22 h",0
"632","doxepin","Unknown",0
"633","doxepine","10 h",0
"634","doxorubicin","Unknown",0
"635","doxorubicine","36 h",0
"636","doxycyclin","Unknown",2
"637","doxycycline","Unknown",0
"638","doxylamine","10 h",0
"639","dropéridol","3.5 a 10 h",0
"640","drospirenon","Unknown",0
"641","drospirenone","35 a 39 h",0
"642","drotecogine alfa","Unknown",0
"643","duloxetine","8 a 17 h",0
"644","dutasteride","(3 a 9 j) a (3 a 5 sem)  ",0
"645","dydrogesterone","Unknown",0
"646","ebastin","Unknown",0
"647","ebastine","20 h",0
"648","econazole","4-6 h ",0
"649","eculizumab","11.3 +/- 3.4 j",0
"650","efalizumab","5.5 a 10.5 j",0
"651","efavirenz","52 a 76 h",0
"652","eflornithine","Unknown",0
"653","eletriptan","Unknown",0
"654","emtricitabine","10 h",0
"655","enalapril","11 h",0
"656","enalapril maleate","Unknown",0
"657","enfuvirtide","3.2 +/- 0.4 h",0
"658","enoxacine","Unknown",0
"659","enoxaparin sodium","Unknown",0
"660","enoxaparine sodique","4 a 7 h",0
"661","enoxolone","Unknown",0
"662","entacapone","30 min",0
"663","entecavir","128 a 149 h",0
"664","eosine","Unknown",0
"665","ephedrine","Unknown",0
"666","epinastine","Unknown",0
"667","epinephrin","Unknown",0
"668","épinephrine","< 1h ",0
"669","epirubicin","Unknown",0
"670","epirubicine","20 a 40 h",0
"671","eplerenone","3 a 5 h",0
"672","epoetin alfa","Unknown",0
"673","epoetin beta","Unknown",0
"674","epoietine","13 a 28 h",0
"675","epoprostenol","Unknown",0
"676","eprosartan","5 a 9 h",0
"677","eptacog alpha activé","3.9 a 6 h",0
"678","eptifibatide","Unknown",0
"679","erdosteine","1 a 3 h",0
"680","ergocalciferol","Unknown",0
"681","ergotamine","Unknown",0
"682","erlotinib","36 h",0
"683","ertapenem","Unknown",0
"684","erysimum","Unknown",0
"685","erythromycin","Unknown",2
"686","erythromycine","2 a 3  h",0
"687","erythropoietine","Unknown",0
"688","escitalopram","30 h",0
"689","esculoside","Unknown",0
"690","esdepallethrine","Unknown",0
"691","eseridine","30 min",0
"692","esmolol","15 h",0
"693","esnazol","Unknown",0
"694","esomeprazole","1.3 h",1
"695","estazolam","17 h",0
"696","estradiol","19 h",-1
"697","estradiol valerate","Unknown",-1
"698","estramustine","Unknown",0
"699","estriol","1-5h ",0
"700","etamsylate","Unknown",0
"701","etanercept","70 h",0
"702","ethacridin","Unknown",0
"703","ethambutol","9 a 12 h",1
"704","ethinylestradiol","Unknown",-1
"705","ethosuximide","Unknown",0
"706","ethylmorphine","Unknown",0
"707","etifoxine","20 h",0
"708","etilefrin","Unknown",0
"709","etilefrine","Unknown",0
"710","etodolac","7 h",1
"711","etomidate","4 h",0
"712","etonogestrel","25 h",0
"713","etoposide","3 a 12 h",0
"714","etoricoxib","20h ",3
"715","etravirine","Unknown",1
"716","eucalyptol","Unknown",0
"717","eucalyptus oil","Unknown",0
"718","eugenol","Unknown",0
"719","everolimus","21 a 35 h",0
"720","exemestane","24 h",0
"721","exenatide","2.4 h",0
"722","extr. chrysantellum americanum","Unknown",0
"723","ezetimibe","Unknown",0
"724","facteur ii","Unknown",0
"725","facteur ix","Unknown",0
"726","facteur vii","Unknown",0
"727","facteur viii","Unknown",0
"728","facteur von willebrand","Unknown",0
"729","facteur x","Unknown",0
"730","facteur xi","Unknown",0
"731","facteur xiii","Unknown",0
"732","factor ii vii ix x","Unknown",0
"733","famciclovir","Unknown",0
"734","famotidin","Unknown",0
"735","famotidine","short ",0
"736","fe(ii)","Unknown",0
"737","fe(ii) glycinsulfate","Unknown",0
"738","fe(ii) sulfate","Unknown",0
"739","febarmate","Unknown",0
"740","febuxostat","Unknown",1
"741","fecl2","Unknown",0
"742","fecl3","Unknown",0
"743","felbamate","15 a 23 h",0
"744","felodipin","Unknown",0
"745","felodipine","25 h",0
"746","fenofibrate","20 h",-1
"747","fenoprofene","Unknown",0
"748","fenoterol","7 h",0
"749","fensipiride","Unknown",0
"750","fentanyl","7 h",0
"751","fenticonazole","Unknown",0
"752","fer","Unknown",0
"753","feredetate de sodium","Unknown",0
"754","ferrous oxalate","Unknown",0
"755","ferrous sulfate","Unknown",0
"756","ferucarbotran","o ",0
"757","fexofenadin","Unknown",0
"758","fexofenadine","11 a 15 h",0
"759","fibrinogene humain","Unknown",0
"760","fibrinolysine","Unknown",0
"761","filgastrim","3.5 h",0
"762","finasteride","6 h",0
"763","flavonoides","11 h",0
"764","flavoxate","1.8 h",0
"765","flecainide","12 a 13 h",0
"766","flocatfenine","Unknown",0
"767","flor calendulae","Unknown",0
"768","flor primulae","Unknown",0
"769","flor sambuci","Unknown",0
"770","flubendazole","Unknown",0
"771","flucinolone acetonide","Unknown",0
"772","flucloxacillin","Unknown",1
"773","flucloxacilline","1 h",0
"774","fluconazole","30 h",0
"775","flucytosine","Unknown",0
"776","fludarabine","21 h",0
"777","fludrocortisone","Unknown",0
"778","fluindione","Unknown",0
"779","flumazenil","40 a 80 mn",0
"780","flumequine","Unknown",0
"781","flumetason","Unknown",1
"782","flumetasone","Unknown",0
"783","flunarizine","18 j",0
"784","flunisolide","Unknown",0
"785","flunitrazepam","16 a 35 h",0
"786","fluocortolon","Unknown",0
"787","fluocortolone","Unknown",0
"788","fluor","Unknown",0
"789","fluoresceine","Unknown",0
"790","fluorometholone","Unknown",0
"791","fluorouracil","Unknown",0
"792","fluorure","Unknown",0
"793","fluoxetine","4 a 6 J",0
"794","flupenthixol","Unknown",0
"795","flupentixol","Unknown",0
"796","fluphenazine","15 h",0
"797","flurbiprofen","Unknown",0
"798","flurbiprofene","Unknown",0
"799","flutamide","Unknown",0
"800","fluticason","Unknown",1
"801","fluticasone","3 a 8 h",0
"802","fluvastatin","Unknown",0
"803","fluvastatine","2.3 h",0
"804","fluvoxamine","Unknown",0
"805","fol betulae","Unknown",0
"806","folates","6.2 h",0
"807","folic acid","Unknown",0
"808","folinate de calcium","o ",0
"809","follitropine alpha","24 h",0
"810","follitropine beta","12 a 70 h",0
"811","fomepizole","Unknown",0
"812","fondaparinux sodique","17 a 21 h",0
"813","formoterol","8 h",0
"814","fosamprenavir","7.7 h",0
"815","foscarnet","2.5 h",0
"816","fosfomycin ","Unknown",0
"817","fosfomycine","1.8 a 2.2 h",0
"818","fosinopril","12 h",-1
"819","fosphenytoin (phenytoine iv)","Unknown",3
"820","fotemustine","courte ",0
"821","fragon","30 min puis 60 min ",0
"822","framycetin","Unknown",0
"823","framycetine","2-3 h ",0
"824","frovatriptan","26 h",0
"825","fruc foeniculi","Unknown",0
"826","fulvestrant","50 j",0
"827","fumagilline","Unknown",0
"828","furosemide","1 h",0
"829","fusafungine","Unknown",0
"830","fusidic acid","Unknown",0
"831","gabapentin","Unknown",0
"832","gabapentine","5 a 7 h",0
"833","gadobenic acid","Unknown",0
"834","gadobutrol","1.3 a 2.1 h",0
"835","gadodiamide","Unknown",0
"836","gadolinium","Unknown",0
"837","gadoteridol","2 h",0
"838","gaiazulene","Unknown",0
"839","gaicacol","Unknown",0
"840","galactane sulfate","Unknown",0
"841","galantamine","7 a 8 h",0
"842","ganciclovir","6h ",0
"843","ganirelix","13 h",0
"844","garlic","Unknown",0
"845","gelatin","Unknown",0
"846","gelatine","2.5h ",0
"847","gemcitabine","11 a 26 min",0
"848","gemeprost","Unknown",0
"849","gemfibrozil","1.3 a 1.5 h",0
"850","gentamicine","Unknown",0
"851","gentamycin","Unknown",0
"852","gentiane","Unknown",0
"853","gestoden ","Unknown",0
"854","gestodene","23 h",0
"855","ginkgo biloba","Unknown",0
"856","glatiramere","Unknown",0
"857","glibenclamid","Unknown",-1
"858","glibenclamide","4 a 11 h",0
"859","glibornuride","o ",0
"860","gliclazide","20 h",0
"861","glimepirid","Unknown",0
"862","glimeppiride","5 a 8 h",0
"863","glipizide","Unknown",0
"864","glucagon","Unknown",0
"865","glucose","Unknown",0
"866","glucuronamide","Unknown",0
"867","glutamin","Unknown",0
"868","glycerol","Unknown",0
"869","glycérol","Unknown",0
"870","glyceryl trinitrate","a few minutes ",0
"871","glycine","Unknown",0
"872","glycocolle","Unknown",0
"873","glycol palmitate","Unknown",0
"874","gomenol","Unknown",0
"875","gonadoreline","6 min",0
"876","gonadotrophine","Unknown",0
"877","gosereline","2 a 4 h",0
"878","gramicidin","Unknown",0
"879","granisetron","Unknown",0
"880","grape seeds","Unknown",0
"881","griseofulvine","10 a 15 h",0
"882","guaiacol","Unknown",0
"883","guaietoline","Unknown",0
"884","guaifenesine","Unknown",0
"885","guanfacine","o ",0
"886","h2o2","Unknown",0
"887","halofantrine","24 a 48 h",0
"888","haloperidol","3 jours",0
"889","halothane","Unknown",0
"890","helicidine","Unknown",0
"891","hemine","Unknown",0
"892","heparin","Unknown",0
"893","héparinate calcium","8 a 14 h",0
"894","heparine","Unknown",0
"895","heparinoid","Unknown",0
"896","heptaminol","Unknown",0
"897","herba equiseti","Unknown",0
"898","herba grindelia","Unknown",0
"899","herba rumicis","Unknown",0
"900","herba thymi","Unknown",0
"901","herba verbenae","Unknown",0
"902","hesperidine","6h ",0
"903","hesperidine methylchalcone","Unknown",0
"904","hexamidine","Unknown",0
"905","hexamidine isetionate","Unknown",0
"906","hexetidine","Unknown",0
"907","hexyl aminolevulinate","Unknown",0
"908","histamine","Unknown",0
"909","homeopathy","Unknown",0
"910","hormone pth recombinante","Unknown",0
"911","hyaluronate de sodium","Unknown",0
"912","hydrastinine","Unknown",0
"913","hydrochloroquine","Unknown",0
"914","hydrochlorothiazide","5.6 a 14.8 h",-1
"915","hydrocodon","Unknown",0
"916","hydrocodone","5 a 7 h",0
"917","hydrocortisone","8-12 h ",1
"918","hydroethylsalicylate","Unknown",0
"919","hydromorphon","Unknown",0
"920","hydromorphone","Unknown",0
"921","hydroquinidine","7 a 9 h",0
"922","hydrotalcit","Unknown",0
"923","hydroxocobalamine","Unknown",0
"924","hydroxybutyrate de sodium","Unknown",0
"925","hydroxycarbamid","Unknown",0
"926","hydroxycarbamide","6 a 7 h",0
"927","hydroxychloroquin","Unknown",0
"928","hydroxychloroquine","Unknown",0
"929","hydroxymethylamidon","Unknown",0
"930","hydroxyprogesterone","Unknown",0
"931","hydroxyvitamine d3","Unknown",0
"932","hydroxyzine","13 a 20 h",0
"933","hymecromone","Unknown",0
"934","hypericum extract","Unknown",0
"935","hypochlorite de sodium","Unknown",0
"936","hyprolose","o ",0
"937","hypromellose","Unknown",0
"938","ibacitabine","Unknown",0
"939","ibandronic acid","10-60h ",0
"940","ibritumomab tiuxetan","Unknown",0
"941","ibuprofen","Unknown",0
"942","ibuprofène","2 h",0
"943","ichthyolammonium","Unknown",0
"944","idarubicine","11 a 25 h",0
"945","ifendropil","Unknown",0
"946","ifosfamide","4 a 16 h",0
"947","iloprost","30 min",0
"948","imatinib","18 h",0
"949","imidapril","Unknown",0
"950","imipenem","Unknown",1
"951","imipramine","9 a 20 h",0
"952","imiquimod","Unknown",0
"953","immunoglobuline","Unknown",0
"954","immunoglobuline hav-ak","Unknown",0
"955","indapamide","14 a 24 h",0
"956","indinavir","Unknown",0
"957","indometacin","Unknown",0
"958","indometacine","o ",0
"959","indoramine","Unknown",0
"960","infliximab","8 a 9.5 j",0
"961","influenza vaccine","Unknown",0
"962","inosine","> 24 h",0
"963","inositocalcium","Unknown",0
"964","insulin","Unknown",0
"965","insulin human","Unknown",0
"966","insuline","about 2 H ",0
"967","insuline aspartate","1.5 H ",0
"968","insuline detemir","5-7 h ",0
"969","insuline glargine","5-7 h ",0
"970","insuline glulisine","1h ",0
"971","insuline lispro","1h ",0
"972","interferon alpha","84 a 353 h",0
"973","interferon beta","Unknown",0
"974","interferon beta 1b","Unknown",0
"975","interferon gamma","4.9 h",0
"976","interleukine","Unknown",0
"977","iobitridol","1.8 h",0
"978","iode","13h  ",0
"979","iodixamol","Unknown",0
"980","iodure","Unknown",0
"981","ioflupane","Unknown",0
"982","iohexol","Unknown",0
"983","iomeprol","Unknown",0
"984","iopamidol","Unknown",0
"985","iopromide","Unknown",0
"986","ioversol","Unknown",0
"987","ioxitalamate","Unknown",0
"988","iponiazide","Unknown",0
"989","ipratropium bromure","3.5 a 4 h",0
"990","ipratropiumbromide","Unknown",0
"991","irbesartan","11 a 15 h",0
"992","irinotecan","14.2 h",0
"993","iron ","Unknown",0
"994","iron sulfate","6 H  ",0
"995","isoconazole","Unknown",0
"996","isoflurane","Unknown",0
"997","isoleucin","Unknown",0
"998","isoleucine","Unknown",0
"999","isoniazid","Unknown",1
"1000","isoniazide","35 a 400 min",0
"1001","isophane insulin human","Unknown",0
"1002","isoprenaline","o ",0
"1003","isosorbide dinitrate","30 min",0
"1004","isosorbide mononitrate","Unknown",0
"1005","isosorbide nitrate","Unknown",0
"1006","isothipendyl","o ",0
"1007","isotretinoine","Unknown",0
"1008","isradipine","8.4 h",0
"1009","itraconazole","17 h",0
"1010","ivabradine","11 h",0
"1011","ivermectine","12 h",0
"1012","jonosteril","Unknown",0
"1013","josamycine","2 a 3 h",0
"1014","k acetate","Unknown",0
"1015","k carbonate","Unknown",0
"1016","k carenoate","Unknown",0
"1017","k citrate","Unknown",0
"1018","k iodid","Unknown",0
"1019","k tartrate","Unknown",0
"1020","kanamycin","Unknown",0
"1021","kaolin","Unknown",0
"1022","kaoline","Unknown",0
"1023","karaya gomme","Unknown",0
"1024","kcl","Unknown",0
"1025","ketamine","2 a 3  h",0
"1026","ketoconazole","Unknown",0
"1027","ketoprofen","Unknown",0
"1028","ketoprofene","Unknown",0
"1029","ketorolac","Unknown",0
"1030","ketotifen","Unknown",0
"1031","ketotifene","23 h",0
"1032","kh2po4","Unknown",0
"1033","khco3","Unknown",0
"1034","labetalol","4 h",0
"1035","lacidipine","Unknown",0
"1036","lacosamide","Unknown",0
"1037","lactitol","Unknown",0
"1038","lactulose","Unknown",0
"1039","lamivudine","5 a 7 h",0
"1040","lamotrigine","24 a 35 h",3
"1041","lanreotide"," ?",0
"1042","lansoprazole","1 a 2 h",1
"1043","lanthane carbonate","Unknown",0
"1044","latanoprot","Unknown",0
"1045","lauromacrogol 400","rapide ",0
"1046","leflunomide","14 j",0
"1047","lenalidomide","3 a 9 h",1
"1048","lenogastrim","Unknown",0
"1049","lenograstim","Unknown",0
"1050","lepirudine","1.3 h",0
"1051","lercanidipin","Unknown",0
"1052","lercanidipine","8 a 10 h",0
"1053","letrozole","2 j",0
"1054","leucin","Unknown",0
"1055","leucocianidol","Unknown",0
"1056","leuproreline","Unknown",0
"1057","levetiracetam","6 a 8 h",0
"1058","levetirazetam","Unknown",1
"1059","levobunolol","Unknown",0
"1060","levobupivacaine","1.3 h",0
"1061","levocabastine","Unknown",0
"1062","levocarnitine","Unknown",0
"1063","levocetirizin","Unknown",0
"1064","levocetirizine","7.9 +/- 1.9 h",0
"1065","levodopa","1.5 h",0
"1066","levofloxacin","Unknown",2
"1067","levofloxacine","6 a 8 h",0
"1068","levomepromazin","Unknown",0
"1069","levomepromazine","Unknown",0
"1070","levomethadon","Unknown",0
"1071","levonorgestrel","Unknown",-1
"1072","levothyroxine","Unknown",-1
"1073","levothyroxine sodique","> 7  j",0
"1074","lidocain","Unknown",0
"1075","lidocaine","1 a 2 h",0
"1076","lierre extract","Unknown",0
"1077","limonen","VERY LONG days ",0
"1078","lincomycine","Unknown",0
"1079","lincosamide","Unknown",1
"1080","linezolid","Unknown",0
"1081","linezolide","5 a 7 h",0
"1082","liothyronine","Unknown",0
"1083","liquid paraffin","Unknown",0
"1084","lisinopril","12 H (+ si HCT) ",0
"1085","lisuride","2 a 3 h",0
"1086","lithium","Unknown",0
"1087","lithium acetate","Unknown",0
"1088","lithium sulfate","Unknown",0
"1089","lodoxamide","Unknown",0
"1090","loflazepate d'ethyle","77 h",0
"1091","lomefloxacine","Unknown",0
"1092","lomustine","Unknown",0
"1093","lomustine (ou ccnu)","Unknown",0
"1094","loperamid","Unknown",0
"1095","loperamide","7 a 15 h",0
"1096","lopinavir","5 a 6 h",0
"1097","lopobutan","Unknown",0
"1098","loprazolam","8 h",0
"1099","loracarbef","Unknown",1
"1100","loratadin","Unknown",1
"1101","loratadine","3 a 20 h",0
"1102","lorazepam","10 a 20 h",-1
"1103","lormetazepam","10 h",0
"1104","losartan","2 h",0
"1105","loxapin","Unknown",0
"1106","loxapine","Unknown",0
"1107","luffa","Unknown",0
"1108","lumefantrine","2 a 6 j",0
"1109","lutropine","10 a 12 h",0
"1110","lymecycline","Unknown",1
"1111","lynestrenol","22 h",0
"1112","lysates of lactobacillus","Unknown",0
"1113","lysine","1 h",0
"1114","lysine acetylsalicylate","Unknown",-1
"1115","lysosyme","Unknown",0
"1116","macrogol","Unknown",0
"1117","macrogol 3350","Unknown",0
"1118","macrogol 4000","Unknown",0
"1119","magaldrat","Unknown",0
"1120","magaldrate","Unknown",0
"1121","magnesium","Unknown",0
"1122","magnesium ","Unknown",0
"1123","magnesium aspartate","Unknown",0
"1124","magnesium gluconate","Unknown",0
"1125","magnesium oxide","Unknown",0
"1126","malathion","Unknown",0
"1127","mangafodipir","Unknown",0
"1128","manganese","Unknown",0
"1129","manidipine","Unknown",0
"1130","mannitol","Unknown",0
"1131","maprotiline","45 h",0
"1132","masalazine","Unknown",0
"1133","mebeverine","Unknown",0
"1134","meclozine","Unknown",0
"1135","medrogestone","5.6 h",0
"1136","medroxyprogesteron","Unknown",0
"1137","medroxyprogesterone","24 h",0
"1138","mefenamic acid","Unknown",0
"1139","mefloquine","2 a 4 sem",0
"1140","megestrol","Unknown",0
"1141","meglumine antimoniate","Unknown",0
"1142","meglumine benzoate","10 a 15 h",0
"1143","melatonin","Unknown",0
"1144","melatonine","3.5 a 4 h",0
"1145","meloxicam","20 h",3
"1146","melperon","Unknown",0
"1147","melperone","Unknown",0
"1148","melphalan","1 a 2 h",0
"1149","memantin","Unknown",0
"1150","memantine","60 a 100 h",0
"1151","menadione","30 h",0
"1152","menotropine","Unknown",0
"1153","menthol","Unknown",0
"1154","mephenesine","Unknown",0
"1155","mepivacain","Unknown",0
"1156","mepivacaine","1.9 h",0
"1157","meprobamate","Unknown",0
"1158","mequinol","Unknown",0
"1159","mequitazine","18 h",0
"1160","mercaptopurine","90 min",0
"1161","mercurius","Unknown",0
"1162","mercurius cyanatus","Unknown",0
"1163","meropenem","Unknown",1
"1164","mesalazine","40 min",0
"1165","mesna","1 to 8 h h",0
"1166","metamizole","Unknown",1
"1167","metformin","Unknown",-1
"1168","metformine","6.5 h",0
"1169","methadon","Unknown",0
"1170","methadone","Unknown",0
"1171","methenamine ","Unknown",0
"1172","methesculetol","Unknown",0
"1173","methionine","1 h",0
"1174","methocarbamol","Unknown",0
"1175","methotrexate","3 a 15 h",0
"1176","methoxypsoralene","Unknown",0
"1177","methyclothiazide","Unknown",0
"1178","methylcellulose","Unknown",0
"1179","methyldopa","o ",0
"1180","methylene blue","Unknown",0
"1181","methylenecycline","14 h",0
"1182","methylergometrine","2 a 4.5 h",0
"1183","methylphenidate","Unknown",0
"1184","methylprednisolone","2.3 a 4  h",1
"1185","methylthioninium","Unknown",0
"1186","methysergide","1 h",0
"1187","metildigoxin","Unknown",0
"1188","metoclopramide","5 a 6  h",0
"1189","metoclopramide hydrochloride","Unknown",0
"1190","metopimazine","4.5 h",0
"1191","metoprolol","2.5 a 5 h",0
"1192","metronidazole","7 a 8 h",0
"1193","metyrapone","Unknown",0
"1194","mexiletine","Unknown",0
"1195","mg acetate","Unknown",0
"1196","mg citrate","Unknown",0
"1197","mg glycerophosphate","Unknown",0
"1198","mg hydrogenaspartate","Unknown",0
"1199","mg trisilicate","Unknown",0
"1200","mgcl2","Unknown",0
"1201","mgso4","Unknown",0
"1202","mianserine","17 h",0
"1203","miconazole","24 h",0
"1204","midazolam","3 h",0
"1205","midecamycine","1 h",0
"1206","midodrine","Unknown",0
"1207","mifepristone","18 puis 90 h",0
"1208","miglitol","Unknown",0
"1209","millepertuis","Unknown",0
"1210","milnacipram","8 h",0
"1211","milrinon","Unknown",0
"1212","milrinone","2.3 h",0
"1213","miltefosine","Unknown",0
"1214","mineral oil","Unknown",0
"1215","minocycline","18 h",1
"1216","minoxidil","Unknown",0
"1217","minzol","Unknown",0
"1218","miristalhonium chlorure","Unknown",0
"1219","mirtazapin","Unknown",0
"1220","mirtazapine","20 a 40 h",0
"1221","misoprostol","1.5 h",0
"1222","mitoguazone","Unknown",0
"1223","mitomycine","1 h",0
"1224","mitotane","18 a 159  j",0
"1225","mitoxantrone","24 a 40 h",0
"1226","mivacurium chlorure","2 a 5 min",0
"1227","mizolastine","13 h",0
"1228","mncl2","Unknown",0
"1229","moclobemide","1 a 2 h",0
"1230","modafinil","10 a 12 h",1
"1231","moexipril","Unknown",0
"1232","molsidomin","Unknown",-1
"1233","molsidomine","1 a 3 h",0
"1234","mometason","Unknown",0
"1235","mometasone","Unknown",0
"1236","monobasic na phosphate","Unknown",0
"1237","monoxyde d'azote","Unknown",0
"1238","montelukast","Unknown",1
"1239","morniflumate","4 a 6 h",0
"1240","moroctocog alfa","14.8 h",0
"1241","morphine","4 a 5 h",0
"1242","moxifloxacin","Unknown",1
"1243","moxifloxacine","12 h",0
"1244","moxisylyte","o ",0
"1245","moxonidin","Unknown",0
"1246","moxonidine","2.8 h",0
"1247","mucoproteose","Unknown",0
"1248","mupirocin","Unknown",0
"1249","mupirocine","Unknown",0
"1250","muramidase","Unknown",0
"1251","muromonab-cd3","Unknown",0
"1252","mycophenolate mofetil","13-17 h ",0
"1253","mycophenolate sodique","12 h",0
"1254","mycophenolatemofetil","Unknown",0
"1255","myrrha","Unknown",0
"1256","myrrhe","Unknown",0
"1257","myrtecaine","Unknown",0
"1258","na-fe(iii) gluconate","Unknown",0
"1259","na acetate","Unknown",0
"1260","na bicarbonate","Unknown",0
"1261","na chloride","Unknown",0
"1262","na citrate","Unknown",0
"1263","na fluorophosphate","Unknown",0
"1264","na lactate","Unknown",0
"1265","na perchlorate","Unknown",0
"1266","na phosphate","Unknown",0
"1267","na picosulfate","Unknown",0
"1268","na selenite","Unknown",0
"1269","na sulfate","Unknown",0
"1270","nabumetone","Unknown",0
"1271","nadolol","16 a 24 h",0
"1272","nadroparin calcium","Unknown",0
"1273","nadroparine calcique","Unknown",0
"1274","naf","Unknown",-1
"1275","nafareline","Unknown",0
"1276","naftazone","1.5 a 2 h",0
"1277","naftidrofuryl","1 h (gel) / 3 a 4 (cp) h",0
"1278","naloxon","Unknown",0
"1279","naloxone"," min",0
"1280","naltrexone","Unknown",0
"1281","naphazoline","Unknown",0
"1282","naproxen","Unknown",0
"1283","naproxene","Unknown",0
"1284","naratriptan","6 h",0
"1285","natalizumab","Unknown",0
"1286","nebivolol","8 a 27 h",0
"1287","nedocromil","4.5 a 6.2  min",0
"1288","nefopam","Unknown",0
"1289","nelarabine","Unknown",0
"1290","nelfinavir","3.5 a 5 h",0
"1291","neomycin","Unknown",0
"1292","neomycine","Unknown",0
"1293","neostigmin","Unknown",0
"1294","neostigmine","Unknown",0
"1295","neosynephrine","Unknown",0
"1296","netilmicine","5 a 7 h",0
"1297","nevirapine","25 a 45 h",3
"1298","niaouli oil","Unknown",0
"1299","niaprazine","24 h",0
"1300","nicardipine","4 (iv) h",0
"1301","nicergoline","Unknown",0
"1302","nicethamide","Unknown",0
"1303","nickel","Unknown",0
"1304","niclosamide","Unknown",0
"1305","nicorandil","jusqu'a 48 h",0
"1306","nicotinamid","Unknown",-1
"1307","nicotinamide","Unknown",0
"1308","nicotine","Unknown",0
"1309","nicoumalone (acenocoumarol)","Unknown",0
"1310","nifedipin","Unknown",0
"1311","nifedipine","6 a 11 h",0
"1312","niflumic acid","2.5 H ",0
"1313","nifuratel","Unknown",0
"1314","nifuroxazide","Unknown",0
"1315","nilutamide","56 h",0
"1316","nimesulide","Unknown",1
"1317","nimodipin","Unknown",0
"1318","nimodipine","1.1 a 1.7 h",0
"1319","nitrazepam","16 - 48 h",0
"1320","nitrendipin","Unknown",0
"1321","nitrendipine","8 a 23 h",0
"1322","nitrofural","Unknown",0
"1323","nitrofurantoin","Unknown",0
"1324","nitrofurantoine","Unknown",0
"1325","nitroprussiate de sodium","o ",0
"1326","nivadipin","Unknown",0
"1327","nomegestrel","40 h",0
"1328","nonacog alfa","19 h",0
"1329","nordazepam","Unknown",0
"1330","norelgestromine","28 h",0
"1331","norepinephrin","Unknown",0
"1332","norepinephrine","few min ",0
"1333","norethadrolone","Unknown",0
"1334","norethisteron","Unknown",0
"1335","norethisterone","19 a 26  h",0
"1336","norfloxacin","Unknown",1
"1337","norfloxacine","Unknown",0
"1338","norgestimate","16 a 17 h",0
"1339","norgestrel","24 a 55 h",0
"1340","noscapin","Unknown",0
"1341","noscapine","10 a 15 h",0
"1342","novaminsulfon","Unknown",0
"1343","noxytioline","o ",0
"1344","nystatin","Unknown",0
"1345","nystatine","5 a 15 h",0
"1346","octocog alfa","7.8 a 14.9 h",0
"1347","octreotide","100 min",0
"1348","octyl stearate","Unknown",0
"1349","ofloxacin","Unknown",1
"1350","ofloxacine","7 h",1
"1351","olanzapin","Unknown",0
"1352","olanzapine","33.8 a 51.8 h",0
"1353","olmesartan","10 a 15 h",0
"1354","olopatadine","Unknown",0
"1355","olsalazine","Unknown",0
"1356","olsetamivir","Unknown",0
"1357","omalizumab","Unknown",0
"1358","omeprazole","moins de 1 h",1
"1359","omoconazole","Unknown",0
"1360","ondansetron","3 h",0
"1361","opipramol","11 h ",0
"1362","opium","5 ",0
"1363","opium powder","Unknown",0
"1364","or","Unknown",0
"1365","orciprenaline","Unknown",0
"1366","orlistat","Unknown",0
"1367","ornidazole","Unknown",0
"1368","ornithine","Unknown",0
"1369","ornithine aspartate","Unknown",0
"1370","ornithine oxoglurate","Unknown",0
"1371","orthosiphon","Unknown",0
"1372","oseltamivir","6 a 10  h",1
"1373","oxaceprol","Unknown",0
"1374","oxacillin","Unknown",1
"1375","oxacilline","Unknown",0
"1376","oxaliplatine","40 h",0
"1377","oxatomide","14 h",0
"1378","oxazepam","8 h",0
"1379","oxcarbazepine","1.3 a 5 h h",2
"1380","oxedrine","Unknown",0
"1381","oxeladine","Unknown",0
"1382","oxetacain","Unknown",0
"1383","oxetacaine","about 1 h ",0
"1384","oxetorone","Unknown",0
"1385","oxiconazole","Unknown",0
"1386","oxitriptan","variable +++ ",0
"1387","oxomemazine","""prolongée"". 1 prise /J ",0
"1388","oxomenazine","Unknown",0
"1389","oxprenolol","1 a 3 h",0
"1390","oxybate de sodium","cf ",0
"1391","oxybuprocaine ","Unknown",0
"1392","oxybutine","Unknown",0
"1393","oxybutynine","2 h",0
"1394","oxycodon","Unknown",0
"1395","oxycodone","4 a 5 h",0
"1396","oxyde mercurique","Unknown",0
"1397","oxygen","Unknown",0
"1398","oxygenium","Unknown",0
"1399","oxymetazoline","Unknown",0
"1400","oxyquinol","Unknown",0
"1401","oxytetracycline","Unknown",1
"1402","oxytocine","3 a 17 min",0
"1403","paclitaxel","3 a 52.7 h",0
"1404","palifermine","4.5 h",0
"1405","palivizumab","18 j",0
"1406","pamidronate","20-35 H ",0
"1407","pamidronic acid","Unknown",0
"1408","pancreatic lipase","Unknown",0
"1409","pancreatine","Unknown",0
"1410","pancuronium","2.4 h",0
"1411","panitumumab","7.5 j",0
"1412","pantoprazole","1 h",1
"1413","pantothenate de calcium","Unknown",0
"1414","pantothenate de sodium","Unknown",0
"1415","papaverine","Unknown",0
"1416","papaya sap","Unknown",0
"1417","para-hydroxybenzoate","Unknown",0
"1418","paracetamol","2 a 3 h",0
"1419","paraffine","Unknown",0
"1420","parecoxib","8 h",1
"1421","paromycin","Unknown",0
"1422","paroxetine","24 h",-1
"1423","passiflora extract","Unknown",0
"1424","passiflore","Unknown",0
"1425","pectine","Unknown",0
"1426","pefloxacin","Unknown",2
"1427","pefloxacine","14 a 15  h",0
"1428","peg","Unknown",0
"1429","pegaptanib","6 a 10 j",0
"1430","pegfilgrastim","Unknown",0
"1431","peginterferon alfa","84 a 353 h",0
"1432","pegvisomat","Unknown",0
"1433","pemetrexed","3.5 h",0
"1434","penfluridol","4 a 10 j",0
"1435","penicillamine","1 h puis 5 h",0
"1436","penicilline g","cf ",0
"1437","pentacoq","Unknown",0
"1438","pentaerythrityltetranitrate","Unknown",0
"1439","pentaeythritol","Unknown",0
"1440","pentagastrine","o ",0
"1441","pentamidine","6.2 (IV) 9.4 (IM) h",0
"1442","pentazocin","Unknown",0
"1443","pentosane polysulfate","Unknown",0
"1444","pentoxifyllin","Unknown",0
"1445","pentoxifylline","Unknown",0
"1446","pentoxyverin","Unknown",0
"1447","pentoxyverine","Unknown",0
"1448","pentylcresol","Unknown",0
"1449","pepsin","Unknown",0
"1450","perazin","Unknown",0
"1451","perazine"," Likely long ",0
"1452","pergolide","Unknown",0
"1453","perindopril","3 a 5 h",-1
"1454","permethrine","Unknown",0
"1455","peroxyde d hydrogene","Unknown",0
"1456","peroxyde de benzoyle","Unknown",0
"1457","perphenazine","lente ++ ",0
"1458","pethidin","Unknown",0
"1459","pethidine","3.6 h",0
"1460","phenazon","Unknown",1
"1461","phenazone","Unknown",0
"1462","pheniramine","Unknown",0
"1463","phenobarbital","plus 92 (50 a 140) h",3
"1464","phenol","Unknown",0
"1465","phenothrine","Unknown",0
"1466","phenoxymethyl penicillin","Unknown",1
"1467","phenoxymethylpenicilline","1 h",0
"1468","phenprocoumon","5-6 DAYS ",0
"1469","phenylalanin","Unknown",0
"1470","phenylalanine","1 h",0
"1471","phenylbutazone","75 a 105 h",0
"1472","phenylephrin","Unknown",0
"1473","phenylephrine","Unknown",0
"1474","phenyltoxolamine","Unknown",0
"1475","phenytoin","Unknown",3
"1476","phenytoine","24 a 48 h",0
"1477","phloroglucinol","2 a 3 h",0
"1478","pholcodine","30-50 h ",0
"1479","phospholipide","Unknown",0
"1480","phosphoric acid","Unknown",0
"1481","phosphorus","Unknown",0
"1482","phytomenadion","Unknown",0
"1483","phytomenadione","30 h",0
"1484","phytotherapy","Unknown",0
"1485","picloxydine","Unknown",0
"1486","picosulfate de sodium ","Unknown",0
"1487","pilocarpine","Unknown",0
"1488","pimethixene","Unknown",0
"1489","pimozide","53 h",0
"1490","pinaverium bromure","1.5 h",0
"1491","pindolol","3 a 4 h",0
"1492","pine oil","Unknown",0
"1493","pioglitazone","5 a 6 h",0
"1494","pipamperon","Unknown",0
"1495","pipamperone","10-34 h ",0
"1496","pipemidic acid","2-4 h ",2
"1497","piperacillin","Unknown",1
"1498","piperacilline","1.5 a 2 h",0
"1499","piperonyl butoxide","Unknown",0
"1500","piperonyl butoxyde","Unknown",0
"1501","pipobroman","Unknown",0
"1502","pipotiazine","7 a 8 h",0
"1503","piracetam","4 a 5 h",0
"1504","pirarubicine","13 a 23 h",0
"1505","pirenzepine","10 h ",0
"1506","pirenzipin","Unknown",0
"1507","piretanid","Unknown",0
"1508","piretanide","1-4 h ",0
"1509","piribedil","1.7 puis 6.9 h",0
"1510","piritramid","Unknown",0
"1511","piritramide","12 a 18  h",0
"1512","piroxicam","50 h",3
"1513","pivmecillinam","Unknown",0
"1514","pizotofene","23 h",0
"1515","plasmaprotein","Unknown",0
"1516","podophyllotoxine","Unknown",0
"1517","polidocanol","Unknown",0
"1518","polihexanide","Unknown",0
"1519","polymyxin b","Unknown",0
"1520","polymyxine b","Unknown",0
"1521","polysilane","Unknown",0
"1522","polysorbate","Unknown",0
"1523","polystyrene sulfonate de sodium","Unknown",0
"1524","polyvidone","Unknown",0
"1525","polyvinylalcohol","Unknown",0
"1526","polyvinylpolypyrrolidone","Unknown",0
"1527","posaconazole","20 a 66 h",0
"1528","potassium","Unknown",0
"1529","potassium bichromicum","Unknown",0
"1530","potassium carbonate","Unknown",0
"1531","potassium carenoate","Unknown",0
"1532","potassium citrate","Unknown",0
"1533","potassium clorazepate","Unknown",-1
"1534","potassium iodide","8 days ",0
"1535","povidon","Unknown",0
"1536","povidone","25 h",0
"1537","povidone-iodine","Unknown",0
"1538","povidone iodee","Unknown",0
"1539","pralidoxime","Unknown",0
"1540","pramipexol","Unknown",0
"1541","pramipexole","8 a 12 h",0
"1542","pramocaine","Unknown",0
"1543","prasugrel","7 a 8  h",0
"1544","pravastatin","Unknown",-1
"1545","pravastatine","1.5 a 2 h",0
"1546","prazepam","30 a 150 h",0
"1547","prazosine","Unknown",0
"1548","prednicarbat","Unknown",1
"1549","prednisolone","Unknown",1
"1550","prednisone","3.4 a 3.8 h",1
"1551","pregabalin","Unknown",0
"1552","pregabaline","6.3 h",0
"1553","prilocain","Unknown",0
"1554","prilocaine","Unknown",0
"1555","primidone","18-24 h ",3
"1556","prionia spongia","Unknown",0
"1557","pristinamycin","Unknown",1
"1558","pristinamycine","Unknown",0
"1559","probenecide","Unknown",0
"1560","procain","Unknown",0
"1561","procaine","qq min ",0
"1562","procarbazine","Unknown",0
"1563","progesterone","Unknown",0
"1564","proguanil","11.4 a 16.4 h",0
"1565","promegestone","5 a 12 h",0
"1566","promestriene","Unknown",0
"1567","promethazin","Unknown",0
"1568","promethazine","10 a 15 h",0
"1569","propacetamol","2 h",0
"1570","propafenone","4 h",0
"1571","propericiazine","Unknown",0
"1572","propionate de sodium","Unknown",0
"1573","propofol","3 a 8 h",0
"1574","propranolol","3 h",0
"1575","propylthiouracile","Unknown",0
"1576","protamin","Unknown",0
"1577","protamine sulfate","Unknown",0
"1578","protein","Unknown",0
"1579","proteine c","Unknown",0
"1580","proteine s","Unknown",0
"1581","prothipendyl","Unknown",0
"1582","protoxyde d azote","o ",0
"1583","prunier d afrique","Unknown",0
"1584","pseudoephedrine","4-8h ",0
"1585","pseudoephedrine hydrochloride","Unknown",0
"1586","pth","Unknown",0
"1587","pyrantel","Unknown",0
"1588","pyrazinamide","9 h",1
"1589","pyrethre","Unknown",0
"1590","pyridostigmine","Unknown",0
"1591","pyridostigmine bromide","Unknown",0
"1592","pyridostigmine bromure","Unknown",0
"1593","pyridoxin","Unknown",0
"1594","pyridoxine","15-20 J",0
"1595","pyrimethamine","46 a 199 h",0
"1596","pyrvinium","Unknown",0
"1597","quinagolide","12 a 17 h",0
"1598","quinapril","26 h",0
"1599","quinidine","10 a 18 h",0
"1600","quinine","Unknown",0
"1601","rabeprazole","1 h",1
"1602","racecadotril","3 h",0
"1603","rad pimpinellae","Unknown",0
"1604","rad primulae","Unknown",0
"1605","raloxifen","Unknown",0
"1606","raloxifene","Unknown",0
"1607","raltitrexed","o ",0
"1608","ramipril","13-17 h (FDA) ",0
"1609","ranibizumab","10 j",0
"1610","ranitidine","3 h",0
"1611","rasburicase","19 h",0
"1612","raubasine","3 h",0
"1613","remifentanil","o ",0
"1614","repaglinide","1 h",0
"1615","reserpine","45 a 168 h",0
"1616","resorcine","Unknown",0
"1617","reteplase","5.5 h",0
"1618","retinol","Unknown",-1
"1619","retinopalmitat","Unknown",0
"1620","rhiz graminis","Unknown",0
"1621","ribavirine","79 h",0
"1622","riboflavin","Unknown",-1
"1623","riboflavine","Unknown",0
"1624","rifabutine","35 a 40 h",0
"1625","rifampicin","Unknown",2
"1626","rifampicine","Unknown",0
"1627","rifamycin","Unknown",1
"1628","rifamycine","Unknown",0
"1629","rilmenidine","8 h",0
"1630","riluzole","9 a 15 h",0
"1631","rimexolone","1 a 2 h",0
"1632","rimonabant","9 a 16 j",0
"1633","ringelblumen","Unknown",0
"1634","risperidon","Unknown",0
"1635","risperidone","3 h",0
"1636","ritinometan magnesium","Unknown",0
"1637","ritiometan","Unknown",0
"1638","ritonavir","5 a 6 h",0
"1639","rituximab","6.1 a 52 j",0
"1640","rivastigmine","Unknown",0
"1641","rocuronium","10 h",0
"1642","rocuronium bromid","Unknown",0
"1643","rofecoxib","17 H ",1
"1644","ropinirole","6 h",0
"1645","ropivacain","Unknown",0
"1646","ropivacaine","1.8 h",0
"1647","rosiglitazone","3 a 4 h",0
"1648","rosuvastatine","19 h",0
"1649","roxithromycin","Unknown",1
"1650","roxithromycine","10.5 h",0
"1651","ruscogenin","Unknown",0
"1652","ruscogenine","Unknown",0
"1653","rutoside","Unknown",0
"1654","sabadilla","Unknown",0
"1655","saccharomyces boulardii","Unknown",0
"1656","salbutamol","Unknown",-1
"1657","salicylamid","Unknown",0
"1658","salicylamide","Unknown",0
"1659","salmeterol","6 h",0
"1660","salol","Unknown",0
"1661","salviae","Unknown",0
"1662","samarium lexidronam","46.3 j",0
"1663","saquinavir","Unknown",0
"1664","scopolamin","Unknown",0
"1665","scopolamine","10 h  ",0
"1666","secnidazole","25 h",0
"1667","selegiline","Unknown",0
"1668","selenium","Unknown",0
"1669","sene","Unknown",0
"1670","serenoa repens","Unknown",0
"1671","serrapeptase","o ",0
"1672","sertaconazole","Unknown",0
"1673","sertraline","26 h",2
"1674","sevelamer","Unknown",0
"1675","sevoflurane","Unknown",0
"1676","sibutramine","1.1 h",0
"1677","sildenafil","3 a 5 h",0
"1678","silice","Unknown",0
"1679","silicea","Unknown",0
"1680","silymarine","6-8 h ",0
"1681","simethicon","Unknown",0
"1682","simeticone","Unknown",0
"1683","simvastatin","Unknown",0
"1684","simvastatine","1.9 h",0
"1685","sinapis nigra","Unknown",0
"1686","sirolimus","46 a 78 h",0
"1687","sitagliptin","Unknown",0
"1688","sitaxentan","10 h",0
"1689","sodium alginate","Unknown",0
"1690","sodium cromoglicate","Unknown",0
"1691","sodium perchlorate","1-2h ",0
"1692","sodium picosulfate","8 h ",0
"1693","sodium selenite","30-40 J",0
"1694","soja","Unknown",0
"1695","soja extract","Unknown",0
"1696","soja oil","Unknown",0
"1697","solifenacin","Unknown",0
"1698","solifenacine","45 a 68 h",0
"1699","somatoreline","10 min",0
"1700","somatostatine","o ",0
"1701","somatropine","20 min a 4 h h",0
"1702","sorafenib","25 a 48 h",0
"1703","sorbitol","Unknown",0
"1704","sotalol","10 a 20 h",0
"1705","sotalol hydrochloride","Unknown",-1
"1706","soufre","up to 16 H  ",0
"1707","soybean oil","Unknown",0
"1708","spectinomycine","1.25 h",0
"1709","spiramycine","8 h",0
"1710","spironolactone"," Up to 20 hours for metabolites ",-1
"1711","starch ","60 h ",0
"1712","stavudine","1.1 a 1.5 h",0
"1713","sterculia gomme","Unknown",0
"1714","streptokinase","90 min",0
"1715","streptomycin","Unknown",0
"1716","streptomycine","2 a 3 h",0
"1717","strontium-89","50.5 j",0
"1718","strontium ranelate","60 h",1
"1719","succimer","Unknown",0
"1720","succinimide","Unknown",0
"1721","sucralfat","Unknown",1
"1722","sucralfate","Unknown",0
"1723","sufentanil","10 a 16 h",0
"1724","sulbactam","1 h",0
"1725","sulbutiamine","5 h",0
"1726","sulfadiazine","12 a 18 h",0
"1727","sulfadiazine ","Unknown",3
"1728","sulfadiazine silver","Unknown",3
"1729","sulfadoxine","8 j",3
"1730","sulfafurazole","6 h",3
"1731","sulfamethizol","2 a 3 h",0
"1732","sulfamethoxazole","11 h",3
"1733","sulfametopyrazine","Unknown",1
"1734","sulfasalazine","Unknown",3
"1735","sulfentanil","Unknown",0
"1736","sulfiram","Unknown",0
"1737","sulfogaiacol","Unknown",0
"1738","sulfoguaicol","Unknown",0
"1739","sulforutoside","Unknown",0
"1740","sulindac","8 h",0
"1741","sulpirid","Unknown",0
"1742","sulpiride","7 h",0
"1743","sulprostone","Unknown",0
"1744","sultamicillin","2 H  ",1
"1745","sumatriptan","2 h",0
"1746","sunitinib","2 a 4 j",0
"1747","suxamethonium","minutes ",0
"1748","synephrine","Unknown",0
"1749","tacalcitol","Unknown",0
"1750","tacrolimus","43 h",0
"1751","tadalafil","17.5 h",0
"1752","tamoxifen","Unknown",0
"1753","tamoxifene","o ",0
"1754","tamsulosin","Unknown",0
"1755","tamsulosine","22 h",0
"1756","tazarotene","Unknown",0
"1757","tazobactam","0.7 a 1.2 h",0
"1758","tegafur","11 h",0
"1759","teicoplanin","Unknown",0
"1760","teicoplanine","70-100 h",0
"1761","telaprevir","Unknown",1
"1762","telithromycin","Unknown",1
"1763","telithromycine","10 h",0
"1764","telmisartan","> 20  h",0
"1765","temazepam","5 a 8 h",0
"1766","temozolomid","Unknown",0
"1767","temozolomide","Unknown",0
"1768","temsirolimus","18 h",0
"1769","tenecteplase","1.5 a 3.5 h",0
"1770","tenofovir","12 a 18 h",0
"1771","tenonitrozole","Unknown",0
"1772","tenoxicam","70 h",3
"1773","terazosin","Unknown",0
"1774","terazosine","12 h",0
"1775","terbinafine","Unknown",1
"1776","terbutalin","Unknown",0
"1777","terbutaline","10 a 16 h",0
"1778","teriparatide","Unknown",0
"1779","terlipressine","1 h",0
"1780","terpine","Unknown",0
"1781","terpineol","Unknown",0
"1782","terpinol","Unknown",0
"1783","tertalolol","3 h",0
"1784","testosterone","Unknown",0
"1785","tetanus toxoid","5 to 6 DAYS ",0
"1786","tetanus vaccine","Unknown",0
"1787","tetrabenazine","Unknown",0
"1788","tetracaine","Unknown",0
"1789","tetracosactid","Unknown",0
"1790","tétracosactide ","Unknown",0
"1791","tetradecyl sulfate de sodium","Unknown",0
"1792","tetrazepam","18 a 26 h",1
"1793","tetrofosmine","Unknown",0
"1794","tetryzolin","Unknown",0
"1795","tetryzoline","2 to 4 Hours ",0
"1796","thalidomid","Unknown",0
"1797","thenoate sodium","Unknown",0
"1798","theodrenaline","Unknown",0
"1799","theophyllin","Unknown",0
"1800","theophylline","8 DAYS ",0
"1801","thiamazol","Unknown",0
"1802","thiamazole","5-6 h ",0
"1803","thiamin","Unknown",-1
"1804","thiamine","9 a 18 J",0
"1805","thiamphenicol","2 a 3 h",0
"1806","thiocolchicoside","4.5 h",0
"1807","thiopental","8 a 12 h",1
"1808","thiosulfate","Unknown",0
"1809","thiotepa","Unknown",0
"1810","threonin","Unknown",0
"1811","thrombine humaine","Unknown",0
"1812","thrombozyten","Unknown",0
"1813","thymol","Unknown",0
"1814","thyrotropine alfa","Unknown",0
"1815","tiadenol","Unknown",0
"1816","tiagabine","7 a 9 h",0
"1817","tianeptine","2.5 h",0
"1818","tiapride","2.9 a 3.6 h",0
"1819","tiaprofenic acid","1-3h ",0
"1820","tibolone","5 a 10 h",0
"1821","ticarcilline","70 min",0
"1822","ticlopidine","30 a 50 h",0
"1823","tiemonium methylsulfate","Unknown",0
"1824","tiemonium metilsulfate","Unknown",0
"1825","tigecycline","Unknown",1
"1826","tilbroquinol","Unknown",0
"1827","tilidin","Unknown",0
"1828","tilidine","4-6h ",0
"1829","tiliquinol","Unknown",0
"1830","timolol","Unknown",0
"1831","tinidazole","Unknown",0
"1832","tinzaparin sodium","Unknown",0
"1833","tinzaparine sodique","3 a 4  h",0
"1834","tioconazole","Unknown",0
"1835","tioguanine","6 h",0
"1836","tiopronine","Unknown",0
"1837","tiotropium bromure","5 a 6 j",0
"1838","tiotropiumbromide","Unknown",0
"1839","tipranavir","4.8 a 6 h",0
"1840","tiratricol","Unknown",0
"1841","tirofiban","1.5 a 2 h",0
"1842","tixocortol","""fast"" metabolism and ""LOW"" oral biodisponibility ",0
"1843","tobramycin","Unknown",0
"1844","tobramycine","Unknown",0
"1845","tocopherol","2 days  ",0
"1846","tolcapone","Unknown",0
"1847","tolperison","Unknown",0
"1848","tolperisone","2-3 h ",0
"1849","tolterodin","Unknown",0
"1850","tolterodine","2 a 10 h",0
"1851","topiramate","Unknown",0
"1852","topotecan","3 a 6 h",0
"1853","torasemid","Unknown",0
"1854","torasemide","Unknown",0
"1855","toremifene","2 a 10 j",0
"1856","tosylchloramide sodique","Unknown",0
"1857","toxine botulique","> 24 h",0
"1858","tramadol","5 h",1
"1859","trandolapril","Unknown",0
"1860","tranexamic acid","2 h",0
"1861","transtuzumab","25 a 33 j",0
"1862","trapidil","Unknown",0
"1863","travoprost","Unknown",0
"1864","traxenamic acid","Unknown",0
"1865","trazodone","Unknown",0
"1866","treprostinil","2 a 5 h",0
"1867","tretinoine","19 h",0
"1868","triamcinolon","Unknown",1
"1869","triamcinolone","lente +++ ",0
"1870","triamteren","Unknown",0
"1871","triamterene","alone 3h Combination HCZ 15 H ",0
"1872","triclabendazole","Unknown",0
"1873","triclocarban","Unknown",0
"1874","triflupromazin","Unknown",0
"1875","triflupromazine","Unknown",0
"1876","trihexyphenidyle","3 to 4 h ",0
"1877","trimebutine","Unknown",0
"1878","trimeprazine","Unknown",0
"1879","trimetazidine","6 h",-1
"1880","trimethoprim","10 a 12 h",0
"1881","trimethylphloroglucinol","Unknown",0
"1882","trimipramin","Unknown",0
"1883","trimipramine","Unknown",0
"1884","trinitrine","minutes ",0
"1885","tripalmitine","Unknown",0
"1886","triphosadenine","Unknown",0
"1887","tripolidine","Unknown",0
"1888","triprolidine","Unknown",0
"1889","triptorelin","Unknown",0
"1890","triptoreline","3 to 5 H ",0
"1891","tritoqualine","Unknown",0
"1892","trolamine","Unknown",0
"1893","trometamol","3 a 5 h",0
"1894","tropatepine","Unknown",0
"1895","tropicamide","Unknown",0
"1896","tropisetron","8 a 45 h",0
"1897","trospium chlorure","10 a 20 h",0
"1898","troxerutin","Unknown",-1
"1899","troxerutine","Unknown",0
"1900","tuaminoheptane","Unknown",0
"1901","tuaminoheptane sulfate","Unknown",0
"1902","tyrothricin","Unknown",0
"1903","urapidil","4.7 h",0
"1904","urea","Unknown",0
"1905","uridine","Unknown",0
"1906","urofollitropine","50 h",0
"1907","urokinase","Unknown",0
"1908","ursodeoxycholic acid","Unknown",0
"1909","ursodesoxycholic acid","4 to 6 DAYS ",0
"1910","valaciclovir","3 h",0
"1911","valdecoxib","Unknown",1
"1912","valeriane","Unknown",0
"1913","valganciclovir","3.8 a 5 h",0
"1914","valproate","17 h",0
"1915","valproate semisodium","Unknown",1
"1916","valproic acid","Unknown",1
"1917","valpromide","Unknown",1
"1918","valsartan","Unknown",0
"1919","valverde","Unknown",0
"1920","vancomycin","Unknown",0
"1921","vancomycine","4 a 8 h",0
"1922","vardenafil","4 a 5 h",0
"1923","varenicline","24 h",0
"1924","vecuronium bromure","36 a 117 min",0
"1925","venlafaxine","11 h",0
"1926","verapamil","3 a 7 h",0
"1927","veratrol","Unknown",0
"1928","verteporfine","Unknown",0
"1929","vigabatrine","5 a 8 h",0
"1930","viloxazine","Unknown",0
"1931","vinblastine","24 a 30 h",0
"1932","vinburnine","Unknown",0
"1933","vincamine","Unknown",0
"1934","vincristine","23 a 85 h",0
"1935","vindesine","10 a 34.4 h",0
"1936","vinorelbine","35 a 40 h",0
"1937","vitamin 1/b1/b2/b6/b12/c/d3/e","Unknown",0
"1938","vitamin a","Unknown",0
"1939","vitamin a/b1/b2/b6/c/e","Unknown",0
"1940","vitamin b","Unknown",0
"1941","vitamin b1","Unknown",0
"1942","vitamin b1/b2/b6/c","Unknown",0
"1943","vitamin b1/b6/e","Unknown",0
"1944","vitamin b12","Unknown",0
"1945","vitamin b2","Unknown",0
"1946","vitamin d","Unknown",0
"1947","vitamin d2","Unknown",0
"1948","vitamin e","Unknown",0
"1949","vitamin k","Unknown",0
"1950","vitamin k1","Unknown",0
"1951","vitamine b1/b6","Unknown",0
"1952","vitamine d/e/c","Unknown",0
"1953","vitamine k","30h ",0
"1954","vitamins","Unknown",0
"1955","vitis vinifera","Unknown",-1
"1956","voriconazole","6 h",0
"1957","warfarin","Unknown",0
"1958","warfarine","35 a 45 h",0
"1959","white soft paraffin","Unknown",0
"1960","xipamid","Unknown",1
"1961","xipamide","5 a 8 h",0
"1962","xylene","Unknown",0
"1963","xylitol","4 to 6 h",0
"1964","xylometazolin","Unknown",0
"1965","xylometazoline","1 h ",0
"1966","yohimbine","Unknown",0
"1967","zalcitabine","2 h",0
"1968","zanamivir","2.6 a 5.05 h",0
"1969","ziconotide","1 a 1.6 h",0
"1970","zidovudine","1.1 h",0
"1971","zinc","> 2 Jours ",0
"1972","zinc acetate","Unknown",0
"1973","zinc aspartate","Unknown",0
"1974","zinc gluconate","Unknown",0
"1975","zinc salt","Unknown",0
"1976","zinc sulfate","Unknown",0
"1977","zncl2","Unknown",0
"1978","zofenopril","Unknown",0
"1979","zolmitriptan","2.5 a 3 h",0
"1980","zolpidem","2.4 h",0
"1981","zolpidem ","Unknown",0
"1982","zonisamide","60 h",0
"1983","zopiclone","5 a 6 h",0
"1984","zotepin","Unknown",0
"1985","zuclopenthixol","20 h",0
